file	declaration	coverage_level	blocker_family	issue	evidence
bench/tritonbench_g/adam_update_triton/AdamUpdateTriton.lean	update_fn_kernel_correctness	full_value_candidate	none		Masked per-program Lion parameter and momentum update (the Python name says Adam). Separate parameter/momentum regions; no host/grid composition or IEEE claim.
bench/tritonbench_g/add_example/AddExample.lean	add_kernel_correctness	full_value_candidate	none		Masked per-program sum for arbitrary element count and block size; disjoint allocations and active-lane bounds are part of the IO contract.
bench/tritonbench_g/add_example/AddExample.lean	add_kernel_launch_correctness	full_value_candidate	none		Whole-grid launch over the host grid c.grid for any configuration accepted by the proved checker Blocked1DLaunch.check (grid rank 1, power-of-two block, coverage, active-lane allocation bounds, i32 offset/n/grid fit, unit stride, f32, output disjoint from inputs): framed LaunchCorrectFramed output, per-program trace safety, i32 agreement. Exact-R model; host metadata binding is adapter-checked (scripts/launch_check.py), not proved. Same-agent review.
bench/tritonbench_g/add_example/AddExample.lean	add_wrapper_correctness	full_value_candidate	none		Whole-wrapper contract of add_wrapper from the tensors' own metadata (TensorMeta) for tensors accepted by the proved wrapper checker Elementwise2.check (equal shapes, contiguity, element alignment, input separation, P1-P10 of the derived launch): every element of the returned tensor written (W1 derived), each input's logical extent respected (W2 derived), logical multi-index view, any serial program order equal to the merge, and the flat placement at element addresses base/elemBytes discharging FlatAlloc.Disjoint. Exact-R model; metadata extraction and the invocation-time Python mirror are trusted (differentially tested). Same-agent review.
bench/tritonbench_g/add_value/AddValue.lean	puzzle1_kernel_correctness	full_value_candidate	none		Masked per-program scalar addition. Separate exact and abstract store-rounding contracts; no concrete hardware rounding claim.
bench/tritonbench_g/add_value/AddValue.lean	puzzle1_kernel_io_correctness	full_value_candidate	none		Masked per-program scalar addition. Separate exact and abstract store-rounding contracts; no concrete hardware rounding claim.
bench/tritonbench_g/apply_penalty/ApplyPenalty.lean	apply_penalty_correctness	full_value_candidate	none		Per-batch penalty gather/scatter using natural-valued token metadata. Bounds and non-colliding output windows come from the IO contract; host metadata construction is external.
bench/tritonbench_g/attention_forward_triton/AttentionForwardTriton.lean	attention_forward_triton_closed_form_correct	specialization	none		Forward attention with the explicitly shared contiguous head strides and a whole number of KV blocks. The IO theorem assumes identity fp16 rounding; inspect active-head and positive-size hypotheses.
bench/tritonbench_g/attention_forward_triton/AttentionForwardTriton.lean	attention_forward_triton_io_correctness	specialization	none		Forward attention with the explicitly shared contiguous head strides and a whole number of KV blocks. The IO theorem assumes identity fp16 rounding; inspect active-head and positive-size hypotheses.
bench/tritonbench_g/attention_fwd_triton1/AttentionFwdTriton1.lean	attention_fwd_triton1_output_summary_general	specialization	none		The output contract uses STORE=false and IFCOND=false with T=NT*BT and contiguous head lanes. Projection facts for other flags are not output proofs for those flags.
bench/tritonbench_g/attention_fwd_triton1/AttentionFwdTriton1.lean	attention_fwd_triton1_io_correctness	specialization	none		The output contract uses STORE=false and IFCOND=false with T=NT*BT and contiguous head lanes. Projection facts for other flags are not output proofs for those flags.
bench/tritonbench_g/attention_fwd_triton2/AttentionFwdTriton2.lean	attention_fwd_triton2_output_summary_general	specialization	none		Base-2 scaled attention with shared contiguous head strides and N_CTX=BLOCK_N*numKVBlocks. The IO theorem requires identity fp16 rounding.
bench/tritonbench_g/attention_fwd_triton2/AttentionFwdTriton2.lean	attention_fwd_triton2_io_correctness	specialization	none		Base-2 scaled attention with shared contiguous head strides and N_CTX=BLOCK_N*numKVBlocks. The IO theorem requires identity fp16 rounding.
bench/tritonbench_g/attention_fwd_triton3/AttentionFwdTriton3.lean	attention_fwd_triton3_python_case1_output_summary_general	specialization	none		Four explicitly configured attention branches, including sliding-window, complementary-window, and continuation cases. Case-specific O/L/M targets, divisibility, and rounding assumptions are in each statement.
bench/tritonbench_g/attention_fwd_triton3/AttentionFwdTriton3.lean	attention_fwd_triton3_python_case2_output_summary_general	specialization	none		Four explicitly configured attention branches, including sliding-window, complementary-window, and continuation cases. Case-specific O/L/M targets, divisibility, and rounding assumptions are in each statement.
bench/tritonbench_g/attention_fwd_triton3/AttentionFwdTriton3.lean	attention_fwd_triton3_python_case3_output_summary_general	specialization	none		Four explicitly configured attention branches, including sliding-window, complementary-window, and continuation cases. Case-specific O/L/M targets, divisibility, and rounding assumptions are in each statement.
bench/tritonbench_g/attention_fwd_triton3/AttentionFwdTriton3.lean	attention_fwd_triton3_python_case4_output_summary_general	specialization	none		Four explicitly configured attention branches, including sliding-window, complementary-window, and continuation cases. Case-specific O/L/M targets, divisibility, and rounding assumptions are in each statement.
bench/tritonbench_g/attention_fwd_triton3/AttentionFwdTriton3.lean	attention_fwd_triton3_case3_io_correctness	specialization	none		Four explicitly configured attention branches, including sliding-window, complementary-window, and continuation cases. Case-specific O/L/M targets, divisibility, and rounding assumptions are in each statement.
bench/tritonbench_g/attention_fwd_triton3/AttentionFwdTriton3.lean	attention_fwd_triton3_case1_io_correctness	specialization	none		Four explicitly configured attention branches, including sliding-window, complementary-window, and continuation cases. Case-specific O/L/M targets, divisibility, and rounding assumptions are in each statement.
bench/tritonbench_g/attention_fwd_triton3/AttentionFwdTriton3.lean	attention_fwd_triton3_case2_io_correctness	specialization	none		Four explicitly configured attention branches, including sliding-window, complementary-window, and continuation cases. Case-specific O/L/M targets, divisibility, and rounding assumptions are in each statement.
bench/tritonbench_g/attention_fwd_triton3/AttentionFwdTriton3.lean	attention_fwd_triton3_case4_io_correctness	specialization	none		Four explicitly configured attention branches, including sliding-window, complementary-window, and continuation cases. Case-specific O/L/M targets, divisibility, and rounding assumptions are in each statement.
bench/tritonbench_g/attention_kernel/AttentionKernel.lean	attention_kernel_genuine_output_compute_correct_general	specialization	none		Aligned bias attention at the configured batch/head, bias, stride, and fp16 choices. The IO contract assumes identity fp16 rounding; no arbitrary-layout or dtype claim.
bench/tritonbench_g/attention_kernel/AttentionKernel.lean	attention_kernel_io_correctness	specialization	none		Aligned bias attention at the configured batch/head, bias, stride, and fp16 choices. The IO contract assumes identity fp16 rounding; no arbitrary-layout or dtype claim.
bench/tritonbench_g/attention_kernel_aligned/AttentionKernelAligned.lean	attention_kernel_aligned_output_summary_general	specialization	none		Aligned bias attention with shared contiguous Q/K/V/output layouts and fixed launch metadata. Identity fp16 rounding is required by the IO theorem.
bench/tritonbench_g/attention_kernel_aligned/AttentionKernelAligned.lean	attention_kernel_aligned_io_correctness	specialization	none		Aligned bias attention with shared contiguous Q/K/V/output layouts and fixed launch metadata. Identity fp16 rounding is required by the IO theorem.
bench/tritonbench_g/attention_llama/AttentionLlama.lean	attention_llama_fwd_closed_form_correct	specialization	none		Separate causal and non-causal forward value contracts. Each fixes a masking mode and context/block relations; the Realizes surface is a value contract without the KernelIO frame.
bench/tritonbench_g/attention_llama/AttentionLlama.lean	attention_llama_fwd_causal_closed_form_correct	specialization	none		Separate causal and non-causal forward value contracts. Each fixes a masking mode and context/block relations; the Realizes surface is a value contract without the KernelIO frame.
bench/tritonbench_g/attention_score/AttentionScore.lean	attention_score_python_case1_output_summary_general	specialization	none		Case-1 score configuration only: the displayed flag tuple and BM=BN specialization. Other Python flag combinations are not covered by these headlines.
bench/tritonbench_g/attention_score/AttentionScore.lean	attention_score_case1_io_correctness	specialization	none		Case-1 score configuration only: the displayed flag tuple and BM=BN specialization. Other Python flag combinations are not covered by these headlines.
bench/tritonbench_g/attn_fwd_causal/AttnFwdCausal.lean	attn_fwd_causal_output_summary_general	specialization	none		Causal forward attention with the stated context/block relations and contiguous head strides. The IO theorem requires identity fp16 rounding.
bench/tritonbench_g/attn_fwd_causal/AttnFwdCausal.lean	attn_fwd_causal_io_correctness	specialization	none		Causal forward attention with the stated context/block relations and contiguous head strides. The IO theorem requires identity fp16 rounding.
bench/tritonbench_g/attn_fwd_triton/AttnFwdTriton.lean	attn_fwd_triton_output_summary_general	specialization	none		Forward attention at the documented stage, layout, and context/block specialization. The IO theorem requires identity fp16 rounding.
bench/tritonbench_g/attn_fwd_triton/AttnFwdTriton.lean	attn_fwd_triton_io_correctness	specialization	none		Forward attention at the documented stage, layout, and context/block specialization. The IO theorem requires identity fp16 rounding.
bench/tritonbench_g/batched_vecmat_mult/BatchedVecmatMult.lean	batched_vecmat_closed_form_correct	specialization	none		Batched vector/matrix program with reduction length BLOCK_K*numKBlocks and the stated block/dimension bounds; host launch and general tail choices are external.
bench/tritonbench_g/batched_vecmat_mult/BatchedVecmatMult.lean	batched_vecmat_io_correctness	specialization	none		Batched vector/matrix program with reduction length BLOCK_K*numKBlocks and the stated block/dimension bounds; host launch and general tail choices are external.
bench/tritonbench_g/bgmv_expand_slice/BgmvExpandSlice.lean	bgmv_full_output_summary	specialization	none		One selected LoRA expansion slice with explicit slice offset and tile sizes. The contract's loaded LoRA index and branch/layout assumptions must hold; it is not a host adapter-selection proof.
bench/tritonbench_g/bgmv_expand_slice/BgmvExpandSlice.lean	bgmv_expand_slice_io_correctness	specialization	none		One selected LoRA expansion slice with explicit slice offset and tile sizes. The contract's loaded LoRA index and branch/layout assumptions must hold; it is not a host adapter-selection proof.
bench/tritonbench_g/bgmv_shrink_kernel/BgmvShrinkKernel.lean	bgmv_shrink_kernel_output_summary_general	specialization	none		Shrink output and store-branch contracts with explicit SPLIT_K addressing. Atomic projection/readback facts do not establish concurrent multi-program atomic execution.
bench/tritonbench_g/bgmv_shrink_kernel/BgmvShrinkKernel.lean	bgmv_shrink_store_io_correctness	specialization	none		Shrink output and store-branch contracts with explicit SPLIT_K addressing. Atomic projection/readback facts do not establish concurrent multi-program atomic execution.
bench/tritonbench_g/block_sparse_attn/BlockSparseAttn.lean	block_sparse_attn_output_closed_form_summary_general	specialization	none		Selected sparse-layout forward value contract, plus separate output-store slices. Sparse metadata/layout premises and selected dimensions remain part of the statement.
bench/tritonbench_g/block_sparse_attn/BlockSparseAttn.lean	block_sparse_attn_output_stores_io_correctness	precomputed_input_slice	proof-slice-precomputed-value	#152	First and second output-store slices consume precomputed Acc/Acc2 tiles; this headline does not compute sparse attention.
bench/tritonbench_g/block_sparse_attn/BlockSparseAttn.lean	block_sparse_attn_output_stores_io_correctnessR	precomputed_input_slice	proof-slice-precomputed-value	#152	Abstract rounding contracts for stores of precomputed Acc/Acc2 tiles; the attention producer is outside these two IO contracts.
bench/tritonbench_g/bmm_chunk_bwd/BmmChunkBwd.lean	bmm_chunk_bwd_output_summary_general	specialization	none		Chunked backward matrix product with reduction extent BCS*numCSBlocks, explicit batch/group layout, masks, and injective output addresses.
bench/tritonbench_g/bmm_chunk_bwd/BmmChunkBwd.lean	bmm_chunk_bwd_io_correctness	specialization	none		Chunked backward matrix product with reduction extent BCS*numCSBlocks, explicit batch/group layout, masks, and injective output addresses.
bench/tritonbench_g/bmm_chunk_fwd/BmmChunkFwd.lean	bmm_chunk_fwd_output_summary_general	specialization	none		Chunked forward matrix product with reduction extent BK*numKBlocks and the declared group/stride configuration; the public IO skin supplies frame and bounds.
bench/tritonbench_g/bmm_chunk_fwd/BmmChunkFwd.lean	bmm_chunk_fwd_io_correctness	specialization	none		Chunked forward matrix product with reduction extent BK*numKBlocks and the declared group/stride configuration; the public IO skin supplies frame and bounds.
bench/tritonbench_g/bmm_optimized/BmmOptimized.lean	bmm_o_exec_genuine	specialization	none		One optimized BMM program under the displayed divisibility, stride, and group-order configuration. The exec-existential proves output values and termination but has no frame conjunct.
bench/tritonbench_g/cache_transform_triton/CacheTransformTriton.lean	decoding_cache_correctness	specialization	none		Decoding is a one-sequence-block specialization; prefill has its separate element-count and region-disjointness premises. Both copy cosine/sine windows, not host cache construction.
bench/tritonbench_g/cache_transform_triton/CacheTransformTriton.lean	prefill_cache_correctness	specialization	none		Decoding is a one-sequence-block specialization; prefill has its separate element-count and region-disjointness premises. Both copy cosine/sine windows, not host cache construction.
bench/tritonbench_g/chunk_bwd_dqkg/ChunkBwdDqkg.lean	chunk_bwd_dqkg_exec_genuine	specialization	none		Selected backward dq/dk/dg producer with shape/address hypotheses. The exec-existential has output readbacks and termination but no memory-frame conjunct.
bench/tritonbench_g/chunk_cumsum_kernel/ChunkCumsumKernel.lean	chunk_cumsum_scalar_output_summary_general	specialization	none		Scalar cumulative sum for the modeled per-head sequence and positive chunk size. Read the exact versus stream-rounding contracts separately; launch composition is external.
bench/tritonbench_g/chunk_cumsum_kernel/ChunkCumsumKernel.lean	chunk_cumsum_scalar_io_correctness	specialization	none		Scalar cumulative sum for the modeled per-head sequence and positive chunk size. Read the exact versus stream-rounding contracts separately; launch composition is external.
bench/tritonbench_g/chunk_cumsum_vector/ChunkCumsumVector.lean	chunk_cumsum_vector_output_summary_general	specialization	none		Vector cumulative sum for a single block with an explicit no-address-collision premise.
bench/tritonbench_g/chunk_cumsum_vector/ChunkCumsumVector.lean	chunk_cumsum_vector_block_store_io_correctness	precomputed_input_slice	proof-slice-precomputed-value	#152	Copies precomputed block-cumsum tile BC into Z; it does not compute the cumulative sum.
bench/tritonbench_g/chunk_cumsum_vector/ChunkCumsumVector.lean	chunk_cumsum_vector_block_store_io_correctnessR	precomputed_input_slice	proof-slice-precomputed-value	#152	Abstract store-rounding version of the BC-to-Z copy slice; cumulative-sum production is outside this contract.
bench/tritonbench_g/chunk_delta_fwd/ChunkDeltaFwd.lean	chunk_delta_fwd_exec_genuine	specialization	none		Forward state/v_new/final-state recurrence for the selected state flags, with explicit output readbacks. The exec-existential does not include a frame.
bench/tritonbench_g/chunk_delta_fwd/ChunkDeltaFwd.lean	chunk_delta_h_state_store_io_correctness	precomputed_input_slice	proof-slice-precomputed-value	#152	Writes a precomputed HPre tile to one recurrent-state slot; no recurrence producer is inside this IO kernel.
bench/tritonbench_g/chunk_delta_fwd/ChunkDeltaFwd.lean	chunk_delta_h_state_store_io_correctnessR	precomputed_input_slice	proof-slice-precomputed-value	#152	Abstract rounding contract for the precomputed HPre state-store slice.
bench/tritonbench_g/chunk_gate_recurrence/ChunkGateRecurrence.lean	chunk_gate_recurrence_output_summary_general	specialization	none		Bundle of forward/backward recurrence and individual step/store facts. Each conjunct has its own target; it is not a single whole-program IO contract.
bench/tritonbench_g/chunk_gate_recurrence/ChunkGateRecurrence.lean	chunk_gate_recurrence_forward_store_io_correctness	precomputed_input_slice	proof-slice-precomputed-value	#152	Copies a supplied accumulator tile Acc to O; the recurrence computing Acc is outside this IO contract.
bench/tritonbench_g/chunk_gate_recurrence/ChunkGateRecurrence.lean	chunk_gate_recurrence_forward_store_io_correctnessR	precomputed_input_slice	proof-slice-precomputed-value	#152	Abstract rounding contract for the supplied-accumulator forward-store slice.
bench/tritonbench_g/chunk_gated_attention/ChunkGatedAttention.lean	chunk_gated_attention_cum_slice_output_summary_general	specialization	none		Cumulative-sum and gated-state step slices plus recurrence identities. Previous-state and step premises remain explicit; no composed end-to-end attention contract.
bench/tritonbench_g/chunk_gated_attention/ChunkGatedAttention.lean	chunk_gated_attention_state_stores_io_correctness	precomputed_input_slice	proof-slice-precomputed-value	#152	Copies supplied BH and BHFinal tiles to intermediate/final state; state production is outside these IO kernels.
bench/tritonbench_g/chunk_gated_attention/ChunkGatedAttention.lean	chunk_gated_attention_state_stores_io_correctnessR	precomputed_input_slice	proof-slice-precomputed-value	#152	Abstract rounding contracts for the supplied BH/BHFinal state stores.
bench/tritonbench_g/chunk_gla_fwd/ChunkGlaFwd.lean	chunk_gla_fwd_o_exec_genuine	specialization	none		The output stage consumes A and h from its input memory; Python's separate A producers are not proved by this headline. The exec-existential omits a frame.
bench/tritonbench_g/chunk_gla_simple/ChunkGlaSimple.lean	chunk_gla_simple_output_summary_general	specialization	none		Selected forward output stage under the displayed tile-size and injective-address premises. Input h is supplied by the surrounding algorithm; no whole-wrapper state construction claim.
bench/tritonbench_g/chunk_gla_simple/ChunkGlaSimple.lean	chunk_gla_simple_io_correctness	specialization	none		Selected forward output stage under the displayed tile-size and injective-address premises. Input h is supplied by the surrounding algorithm; no whole-wrapper state construction claim.
bench/tritonbench_g/chunk_linear_attn/ChunkLinearAttn.lean	cla_fwd_h_exec_genuine	specialization	none		Forward h/ht and backward dh stage contracts. Separate Python output/dqkv stages and host orchestration are not covered; both exec-existentials omit a frame.
bench/tritonbench_g/chunk_linear_attn/ChunkLinearAttn.lean	cla_bwd_dh_exec_genuine	specialization	none		Forward h/ht and backward dh stage contracts. Separate Python output/dqkv stages and host orchestration are not covered; both exec-existentials omit a frame.
bench/tritonbench_g/chunk_retention/ChunkRetention.lean	crh_fwd_h_exec_genuine	specialization	none		Forward recurrent-state and backward-state stages with their particular layout and tile hypotheses. No output/dqkv stage composition or frame is present in these headlines.
bench/tritonbench_g/chunk_retention/ChunkRetention.lean	crh_bwd_dh_exec_genuine	specialization	none		Forward recurrent-state and backward-state stages with their particular layout and tile hypotheses. No output/dqkv stage composition or frame is present in these headlines.
bench/tritonbench_g/chunk_retention_ops/ChunkRetentionOps.lean	cro_fwd_h_exec_genuine	specialization	none		Forward recurrent-state and backward dh stages only; other Python stages and host composition are outside these exec-existential contracts, which omit a frame.
bench/tritonbench_g/chunk_retention_ops/ChunkRetentionOps.lean	cro_bwd_dh_exec_genuine	specialization	none		Forward recurrent-state and backward dh stages only; other Python stages and host composition are outside these exec-existential contracts, which omit a frame.
bench/tritonbench_g/chunked_cumsum_fwd/ChunkedCumsumFwd.lean	chunked_cumsum_fwd_correctness	precomputed_input_slice	proof-slice-precomputed-value	#152	The IO contract consumes DtPrepared and proves dt storage plus dA cumulative sums. The combined summary also contains full-surface facts; those do not make the prepared-input IO kernel the original preprocessing kernel.
bench/tritonbench_g/chunked_cumsum_fwd/ChunkedCumsumFwd.lean	chunked_cumsum_fwd_summary_general	specialization	none		A conjunction of full-surface projection/value facts and a distinct DtPrepared IO slice; inspect each conjunct rather than treating the prepared-input skin as the entire Python kernel.
bench/tritonbench_g/context_attn_bloom/ContextAttnBloom.lean	context_attn_bloom_surface_compute_correct_general	specialization	none		Prompt-cache context attention with explicit natural metadata, token mapping, head dimensions, and stream extent. The IO binding fixes launch/layout arguments shown in its definition.
bench/tritonbench_g/context_attn_bloom/ContextAttnBloom.lean	context_attn_bloom_io_correctness	specialization	none		Prompt-cache context attention with explicit natural metadata, token mapping, head dimensions, and stream extent. The IO binding fixes launch/layout arguments shown in its definition.
bench/tritonbench_g/context_attn_fwd/ContextAttnFwd.lean	context_attn_fwd_surface_compute_correct_general	specialization	none		Int8-KV context-attention model with explicit metadata and stride assumptions; mathematical casts are not a proof of fixed-width hardware quantization.
bench/tritonbench_g/context_attn_fwd/ContextAttnFwd.lean	context_attn_fwd_io_correctness	specialization	none		Int8-KV context-attention model with explicit metadata and stride assumptions; mathematical casts are not a proof of fixed-width hardware quantization.
bench/tritonbench_g/context_attn_llama/ContextAttnLlama.lean	context_attn_llama_surface_compute_correct_general	specialization	none		LLaMA prompt-cache context attention with supplied token mapping and sequence metadata; IO stream extent, bounds, and layout assumptions are explicit.
bench/tritonbench_g/context_attn_llama/ContextAttnLlama.lean	context_attn_llama_io_correctness	specialization	none		LLaMA prompt-cache context attention with supplied token mapping and sequence metadata; IO stream extent, bounds, and layout assumptions are explicit.
bench/tritonbench_g/context_attn_mistral/ContextAttnMistral.lean	context_attn_mistral_genuine_output_summary_general	specialization	none		Sliding-window context attention with equal BLK query/key block sizes and shared contiguous layouts. Sequence metadata and positive stream-size premises remain required.
bench/tritonbench_g/context_attn_mistral/ContextAttnMistral.lean	context_attn_mistral_io_correctness	specialization	none		Sliding-window context attention with equal BLK query/key block sizes and shared contiguous layouts. Sequence metadata and positive stream-size premises remain required.
bench/tritonbench_g/context_attn_nopad/ContextAttnNopad.lean	context_attn_nopad_output_summary_general	specialization	none		Variable-length context attention with equal query/key blocks and shared contiguous layouts; metadata and stream-size assumptions are explicit.
bench/tritonbench_g/context_attn_nopad/ContextAttnNopad.lean	context_attn_nopad_io_correctness	specialization	none		Variable-length context attention with equal query/key blocks and shared contiguous layouts; metadata and stream-size assumptions are explicit.
bench/tritonbench_g/cosine_compute/CosineCompute.lean	cos_func_correctness	full_value_candidate	none		Masked per-program cosine over mathematical real values. The theorem does not characterize a hardware cosine approximation or host launch.
bench/tritonbench_g/cross_entropy1/CrossEntropy1.lean	cross_entropy_fwd_correctness	specialization	none		Forward loss/LSE for the stated smoothing and split modes, with per-block outputs. The Python backward kernel and host reduction of split outputs are outside this headline.
bench/tritonbench_g/cross_entropy2/CrossEntropy2.lean	cross_entropy_fwd_correctness	specialization	none		Forward loss/LSE/z-loss for explicit smoothing, scaling, and split modes. The backward kernel and host aggregation are not established by this forward theorem.
bench/tritonbench_g/cross_entropy_ops/CrossEntropyOps.lean	cross_entropy_fwd_correctness	specialization	none		Forward loss/LSE/z-loss under the listed flags and label/layout premises; separate Python backward execution and host split aggregation are outside the headline.
bench/tritonbench_g/decay_cumsum/DecayCumsum.lean	decay_cumsum_backward_closed_output_summary_general	specialization	none		Separate forward-decay, QG/KG preparation, and backward-DG contracts. Stride, tile-size, and region-separation premises are explicit; this does not compose a whole host pipeline.
bench/tritonbench_g/decay_cumsum/DecayCumsum.lean	fwd_decay_cumsum_io_correctness	specialization	none		Separate forward-decay, QG/KG preparation, and backward-DG contracts. Stride, tile-size, and region-separation premises are explicit; this does not compose a whole host pipeline.
bench/tritonbench_g/decay_cumsum/DecayCumsum.lean	prepare_qg_kg_io_correctness	specialization	none		Separate forward-decay, QG/KG preparation, and backward-DG contracts. Stride, tile-size, and region-separation premises are explicit; this does not compose a whole host pipeline.
bench/tritonbench_g/decay_cumsum/DecayCumsum.lean	bwd_decay_global_cumsum_io_correctness	specialization	none		Separate forward-decay, QG/KG preparation, and backward-DG contracts. Stride, tile-size, and region-separation premises are explicit; this does not compose a whole host pipeline.
bench/tritonbench_g/dequantize_matmul/DequantizeMatmul.lean	dequantize_kernel_correctness	specialization	none		The dequantize_kernel stage scales the modeled input tile by its loaded scales under injective output addressing; a surrounding matrix multiplication is not part of this theorem.
bench/tritonbench_g/dequantize_rowwise/DequantizeRowwise.lean	dequantize_rowwise_correctness	specialization	none		One masked rowwise dequantization program with positive BLOCK_SIZE/P2 and a supplied inv_127 parameter; mathematical values do not certify integer storage formats.
bench/tritonbench_g/destindex_copy/DestindexCopy.lean	destindex_copy_correctness	specialization	none		Two supplied KV streams are copied to destinations selected by natural-valued metadata. Bounds and address-disjointness premises exclude invalid or colliding writes.
bench/tritonbench_g/destindex_copy_kv1/DestindexCopyKv1.lean	fwd_kernel_destindex_copy_kv_correctness	specialization	none		Masked destination-index KV copy with explicit head dimension, strides, and injective destination addresses; host metadata generation is external.
bench/tritonbench_g/destindex_copy_kv2/DestindexCopyKv2.lean	fwd_kernel_destindex_copy_kv_correctness	specialization	none		Destination-index KV copy for the declared block/head layout and injective destination addresses; host metadata validity and launch composition are external.
bench/tritonbench_g/diag_ssm_triton/DiagSsmTriton.lean	diag_ssm_forward_kernel_output_summary	specialization	none		Real-valued diagonal SSM forward/backward recurrence contracts with the displayed sequence/block and region-separation premises. The complex-valued Python variants are not covered.
bench/tritonbench_g/diag_ssm_triton/DiagSsmTriton.lean	diag_ssm_forward_io_correctness	specialization	none		Real-valued diagonal SSM forward/backward recurrence contracts with the displayed sequence/block and region-separation premises. The complex-valued Python variants are not covered.
bench/tritonbench_g/diag_ssm_triton/DiagSsmTriton.lean	diag_ssm_backward_io_correctness	specialization	none		Real-valued diagonal SSM forward/backward recurrence contracts with the displayed sequence/block and region-separation premises. The complex-valued Python variants are not covered.
bench/tritonbench_g/dropout_triton/DropoutTriton.lean	dropout_kernel_correctness	specialization	none		Dropout consumes an explicit keep-mask input and applies the mathematical scaling formula. It does not prove random mask generation, RNG distribution, or concrete floating behavior.
bench/tritonbench_g/embedding_triton_kernel/EmbeddingTritonKernel.lean	embedding_kernel_output_summary	specialization	none		Selected embedding lookup contracts under vocabulary and address assumptions. Body contracts concern one loop slice; the whole IO contract explicitly fixes BLOCK_NN=1.
bench/tritonbench_g/embedding_triton_kernel/EmbeddingTritonKernel.lean	embedding_body_io_correctness	specialization	none		Selected embedding lookup contracts under vocabulary and address assumptions. Body contracts concern one loop slice; the whole IO contract explicitly fixes BLOCK_NN=1.
bench/tritonbench_g/embedding_triton_kernel/EmbeddingTritonKernel.lean	embedding_body_io_correctnessR	specialization	none		Selected embedding lookup contracts under vocabulary and address assumptions. Body contracts concern one loop slice; the whole IO contract explicitly fixes BLOCK_NN=1.
bench/tritonbench_g/embedding_triton_kernel/EmbeddingTritonKernel.lean	embedding_kernel_whole_io_correctnessR	specialization	none		Selected embedding lookup contracts under vocabulary and address assumptions. Body contracts concern one loop slice; the whole IO contract explicitly fixes BLOCK_NN=1.
bench/tritonbench_g/f8_conversion_utils/F8ConversionUtils.lean	f16_to_f8_io_correctness	specialization	none		Typed elementwise conversion under an abstract RoundingModel, separately for f8e5 and fp16 output stores. No concrete fp8 encoding, IEEE special-value, or hardware conversion proof.
bench/tritonbench_g/f8_conversion_utils/F8ConversionUtils.lean	f8_to_f16_io_correctness	specialization	none		Typed elementwise conversion under an abstract RoundingModel, separately for f8e5 and fp16 output stores. No concrete fp8 encoding, IEEE special-value, or hardware conversion proof.
bench/tritonbench_g/fast_ce_loss/FastCeLoss.lean	cross_entropy_forward_correctness	specialization	none		Forward and chunked-forward specializations explicitly disable softcapping. Chunked output is a partial loss/logsumexp stage; the backward kernel and host loss aggregation are external.
bench/tritonbench_g/fast_ce_loss/FastCeLoss.lean	chunked_cross_entropy_forward_output_summary	specialization	none		Forward and chunked-forward specializations explicitly disable softcapping. Chunked output is a partial loss/logsumexp stage; the backward kernel and host loss aggregation are external.
bench/tritonbench_g/fast_layernorm/FastLayernorm.lean	layernorm_forward_correctness	specialization	none		Forward row normalization with Y/mean/inverse-variance outputs and the stated bounds/region premises. The Python backward kernel is not proved by this forward headline.
bench/tritonbench_g/fast_rms_layernorm/FastRmsLayernorm.lean	rms_layernorm_forward_correctness	specialization	none		Separate ordinary and Gemma forward branches with Y/inverse-variance outputs. The Python backward kernel and wrapper composition are outside these headlines.
bench/tritonbench_g/fast_rms_layernorm/FastRmsLayernorm.lean	gemma_rms_layernorm_forward_correctness	specialization	none		Separate ordinary and Gemma forward branches with Y/inverse-variance outputs. The Python backward kernel and wrapper composition are outside these headlines.
bench/tritonbench_g/fast_rope_embedding/FastRopeEmbedding.lean	rope_embedding_output_summary_general	specialization	none		Separate first/second-half rotary slices. Projection facts for complete/backward surfaces are not value proofs or a composed in-place two-half contract.
bench/tritonbench_g/fast_rope_embedding/FastRopeEmbedding.lean	fast_rope_embedding_io_correctness	specialization	none		Separate first/second-half rotary slices. Projection facts for complete/backward surfaces are not value proofs or a composed in-place two-half contract.
bench/tritonbench_g/fifth_order_sph_harmonics/FifthOrderSphHarmonics.lean	fifth_order_fwd_correctness	specialization	none		Forward real-valued harmonic outputs under complete XYZ-coordinate and output-bound premises. The backward kernel and hardware transcendental/numeric behavior are external.
bench/tritonbench_g/flash_attn/FlashAttn.lean	flash_attn_genuine_output_compute_correct_general	specialization	none		Forward causal/non-causal value facts at the displayed contiguous-layout specialization. The IO headline fixes non-causal mode; O and L are separate outputs and identity-fp16 premises must be read where present.
bench/tritonbench_g/flash_attn/FlashAttn.lean	flash_attn_genuine_l_compute_correct_general	specialization	none		Forward causal/non-causal value facts at the displayed contiguous-layout specialization. The IO headline fixes non-causal mode; O and L are separate outputs and identity-fp16 premises must be read where present.
bench/tritonbench_g/flash_attn/FlashAttn.lean	flash_attn_python_case1_genuine_compute_correct_general	specialization	none		Forward causal/non-causal value facts at the displayed contiguous-layout specialization. The IO headline fixes non-causal mode; O and L are separate outputs and identity-fp16 premises must be read where present.
bench/tritonbench_g/flash_attn/FlashAttn.lean	flash_attn_python_case2_genuine_compute_correct_general	specialization	none		Forward causal/non-causal value facts at the displayed contiguous-layout specialization. The IO headline fixes non-causal mode; O and L are separate outputs and identity-fp16 premises must be read where present.
bench/tritonbench_g/flash_attn/FlashAttn.lean	flash_attn_io_correctness	specialization	none		Forward causal/non-causal value facts at the displayed contiguous-layout specialization. The IO headline fixes non-causal mode; O and L are separate outputs and identity-fp16 premises must be read where present.
bench/tritonbench_g/flash_decode2_llama/FlashDecode2Llama.lean	flash_decode2_llama_normalization_output_summary_general	specialization	none		Stage-2 normalization and running-max facts include both producer and step kernels; each conjunct names its own target. Inputs from stage 1 remain supplied.
bench/tritonbench_g/flash_decode2_llama/FlashDecode2Llama.lean	flash_decode2_llama_running_max_output_summary_general	specialization	none		Stage-2 normalization and running-max facts include both producer and step kernels; each conjunct names its own target. Inputs from stage 1 remain supplied.
bench/tritonbench_g/flash_decode2_llama/FlashDecode2Llama.lean	flash_decode2_llama_final_store_io_correctness	precomputed_input_slice	proof-slice-precomputed-value	#152	Copies supplied Final values into O; neither the running maximum nor normalization is computed by this IO kernel.
bench/tritonbench_g/flash_decode2_llama/FlashDecode2Llama.lean	flash_decode2_llama_final_store_io_correctnessR	precomputed_input_slice	proof-slice-precomputed-value	#152	Abstract rounding version of the supplied-Final output-store slice.
bench/tritonbench_g/flash_decode2_phi/FlashDecode2Phi.lean	flash_decode2_phi_masked_accumulator_output_summary_general	specialization	none		Stage-2 accumulator, running-max, and normalization facts, with masked dimensions and step premises. Stage-1 inputs are supplied and the summary conjuncts have different kernels.
bench/tritonbench_g/flash_decode2_phi/FlashDecode2Phi.lean	flash_decode2_phi_running_max_output_summary_general	specialization	none		Stage-2 accumulator, running-max, and normalization facts, with masked dimensions and step premises. Stage-1 inputs are supplied and the summary conjuncts have different kernels.
bench/tritonbench_g/flash_decode2_phi/FlashDecode2Phi.lean	flash_decode2_phi_normalization_output_summary_general	specialization	none		Stage-2 accumulator, running-max, and normalization facts, with masked dimensions and step premises. Stage-1 inputs are supplied and the summary conjuncts have different kernels.
bench/tritonbench_g/flash_decode2_phi/FlashDecode2Phi.lean	flash_decode2_phi_final_store_io_correctness	precomputed_input_slice	proof-slice-precomputed-value	#152	Copies supplied Final values to active Out lanes; normalization and accumulator production are outside the IO kernel.
bench/tritonbench_g/flash_decode2_phi/FlashDecode2Phi.lean	flash_decode2_phi_final_store_io_correctnessR	precomputed_input_slice	proof-slice-precomputed-value	#152	Abstract rounding version of the supplied-Final masked output-store slice.
bench/tritonbench_g/fused_activation/FusedActivation.lean	fused_add_mul_activation_kernel_correctness	specialization	none		Selected per-program fused add/multiply and sigmoid-or-ReLU branch with the stated weight indexing and mask. Numeric operations have mathematical semantics.
bench/tritonbench_g/fused_layernorm_triton/FusedLayernormTriton.lean	fused_layernorm_triton_output_summary_general	specialization	none		Bundle of reduction, normalization, and linked-surface facts; the hypotheses connecting intermediate means/variances must hold.
bench/tritonbench_g/fused_layernorm_triton/FusedLayernormTriton.lean	fused_layernorm_triton_normalize_io_correctness	precomputed_input_slice	proof-slice-precomputed-value	#152	Normalization consumes supplied mean and inverse-variance scalars; their reduction is outside this IO slice.
bench/tritonbench_g/fused_recurrent_delta/FusedRecurrentDelta.lean	fused_recurrent_delta_output_summary_general	specialization	none		Forward/backward recurrence and step facts with state-carry premises. Conjuncts name distinct kernels and do not automatically yield a composed host IO contract.
bench/tritonbench_g/fused_recurrent_delta/FusedRecurrentDelta.lean	fused_recurrent_delta_output_step_io_correctness	precomputed_input_slice	proof-slice-precomputed-value	#152	Computes one output step from a supplied HNext state and q; the state update/preceding recurrence is outside this IO kernel.
bench/tritonbench_g/fused_recurrent_hgrn/FusedRecurrentHgrn.lean	fused_recurrent_hgrn_output_summary_general	specialization	none		Forward recurrence and backward step facts with explicit carried state. The selected backward IO headline is a single step.
bench/tritonbench_g/fused_recurrent_hgrn/FusedRecurrentHgrn.lean	fused_recurrent_hgrn_bwd_dx_io_correctness	precomputed_input_slice	proof-slice-precomputed-value	#152	Adds supplied DHPrev and DO at one backward timestep; production of the carried adjoint is outside this kernel.
bench/tritonbench_g/fused_recurrent_retention/FusedRecurrentRetention.lean	fused_recurrent_retention_output_summary_general	specialization	none		Forward/backward recurrence and step facts for the stated flags and tiles. Seed IO contracts cover initialization only.
bench/tritonbench_g/fused_recurrent_retention/FusedRecurrentRetention.lean	fused_recurrent_retention_seed_io_correctness	specialization	none		Copies the supplied initial state into the seed tile with USE_INITIAL_STATE=true; this does not execute the recurrence.
bench/tritonbench_g/fused_recurrent_retention/FusedRecurrentRetention.lean	fused_recurrent_retention_seed_io_correctnessR	specialization	none		Abstract rounding contract for the USE_INITIAL_STATE=true seed-copy stage only.
bench/tritonbench_g/fused_rotary_embedding/FusedRotaryEmbedding.lean	decoding_fused_rotary_embedding_q_correctness	specialization	none		Separate Q-rotation and V-cache chain contracts. These selected sub-kernels do not by themselves prove the entire fused Q/K/V/cache program or arbitrary aliasing between stages.
bench/tritonbench_g/fused_rotary_embedding/FusedRotaryEmbedding.lean	decoding_fused_rotary_embedding_vcache_chain_correctness	specialization	none		Separate Q-rotation and V-cache chain contracts. These selected sub-kernels do not by themselves prove the entire fused Q/K/V/cache program or arbitrary aliasing between stages.
bench/tritonbench_g/fused_rwkv6_kernel/FusedRwkv6Kernel.lean	fused_recurrent_rwkv6_output_summary_general	specialization	none		Forward recurrence, step, and conditional final-state facts. The state-step IO theorem starts from a supplied previous state.
bench/tritonbench_g/fused_rwkv6_kernel/FusedRwkv6Kernel.lean	fused_recurrent_rwkv6_state_step_io_correctness	precomputed_input_slice	proof-slice-precomputed-value	#152	One state update from supplied BHPrev, k, v, and w; it does not construct BHPrev or compose all recurrent steps.
bench/tritonbench_g/geglu_tanh_triton/GegluTanhTriton.lean	geglu_tanh_forward_kernel_correctness	specialization	none		Forward and backward tanh-GeGLU formulas under mathematical real semantics and the stated region-disjointness conditions; no concrete transcendental approximation claim.
bench/tritonbench_g/geglu_tanh_triton/GegluTanhTriton.lean	geglu_tanh_backward_kernel_correctness	specialization	none		Forward and backward tanh-GeGLU formulas under mathematical real semantics and the stated region-disjointness conditions; no concrete transcendental approximation claim.
bench/tritonbench_g/index_select_bwd/IndexSelectBwd.lean	index_select_cat_bwd_kernel_correctness	specialization	none		One indexed backward scatter of supplied gradients. Output-window validity/non-collision premises are required; duplicate-index concurrent accumulation is not implied.
bench/tritonbench_g/index_select_cat/IndexSelectCat.lean	index_select_cat_fwd_kernel_correctness	specialization	none		One indexed gather/copy with natural-valued indices and positive column block size. IO bounds and layout assumptions apply; host concatenation is external.
bench/tritonbench_g/int4_matmul/Int4Matmul.lean	int4_matmul_exec_genuine	specialization	none		Selected packed-int4 mathematical decode/matmul surface with the displayed grouping/block assumptions. The exec-existential omits a frame and does not certify fixed-width overflow behavior.
bench/tritonbench_g/int8_dequant_matmul/Int8DequantMatmul.lean	int8_dequant_matmul_exec_genuine	specialization	none		Selected rowwise dequantizing matmul with optional bias and a typed fp16 output. The exec-existential omits a frame; its mathematical casts are not hardware IEEE conversion.
bench/tritonbench_g/int8_matmul_kernel/Int8MatmulKernel.lean	int8_matmul_kernel_exec_genuine	specialization	none		Integer matmul over the modeled integer carrier and configured tile/reduction layout. The exec-existential omits a frame and does not establish machine overflow semantics.
bench/tritonbench_g/int8_matmul_quantization/Int8MatmulQuantization.lean	int8_matmul_quantization_quantize_exec_genuine	specialization	none		Separate per-row quantization and matmul stages using the defined mathematical integer/cast operations. No frame conjunct or proof of end-to-end hardware quantization/overflow behavior.
bench/tritonbench_g/int8_matmul_quantization/Int8MatmulQuantization.lean	int8_matmul_quantization_matmul_exec_genuine	specialization	none		Separate per-row quantization and matmul stages using the defined mathematical integer/cast operations. No frame conjunct or proof of end-to-end hardware quantization/overflow behavior.
bench/tritonbench_g/int8_quantization/Int8Quantization.lean	per_block_int8_correctness	precomputed_input_slice	quantization-semantic-followup	#158	Q/K store slice with ScalePre input. Scale reduction, sign-dependent bias, and final int8 rounding are not part of the value contract.
bench/tritonbench_g/int_scaled_matmul/IntScaledMatmul.lean	int_scaled_matmul_matmul_exec_genuine	specialization	none		Separate integer matmul and scaled-output stages for explicit block-pointer layouts. Exec-existential readbacks omit a frame; integer arithmetic is not a fixed-width overflow certificate.
bench/tritonbench_g/int_scaled_matmul/IntScaledMatmul.lean	int_scaled_matmul_scaled_exec_genuine	specialization	none		Separate integer matmul and scaled-output stages for explicit block-pointer layouts. Exec-existential readbacks omit a frame; integer arithmetic is not a fixed-width overflow certificate.
bench/tritonbench_g/iv_dependent_matmul/IvDependentMatmul.lean	iv_dependent_matmul_closed_form_correct	specialization	none		Pre-load matmul surface with K=BK*numKBlocks and the stated contiguous/injective output layout. Other loop/launch configurations are not inferred.
bench/tritonbench_g/iv_dependent_matmul/IvDependentMatmul.lean	iv_dependent_matmul_io_correctness	specialization	none		Pre-load matmul surface with K=BK*numKBlocks and the stated contiguous/injective output layout. Other loop/launch configurations are not inferred.
bench/tritonbench_g/kcache_copy_triton/KcacheCopyTriton.lean	copy_to_kcache_seqlen_n1_correctness	specialization	none		Sequence-length-one cache-copy specialization with the explicit block-table and cache layout. It does not cover an arbitrary multi-token Python launch.
bench/tritonbench_g/kldiv_compute/KldivCompute.lean	kldivergence_kernel_correctness	specialization	none		Per-program KL expression on mathematical inputs. Log/division use the model definitions; domain assumptions and hardware exceptional values require separate interpretation.
bench/tritonbench_g/kldiv_ops/KldivOps.lean	kldiv_backward_default_compute_correct	specialization	none		Selected default/log-target backward branches and reduction=none forward branches. Other reduction modes and host gradient scaling are not implied by these branch contracts.
bench/tritonbench_g/kldiv_ops/KldivOps.lean	kldiv_backward_log_target_compute_correct	specialization	none		Selected default/log-target backward branches and reduction=none forward branches. Other reduction modes and host gradient scaling are not implied by these branch contracts.
bench/tritonbench_g/kldiv_ops/KldivOps.lean	kldiv_forward_default_none_compute_correct	specialization	none		Selected default/log-target backward branches and reduction=none forward branches. Other reduction modes and host gradient scaling are not implied by these branch contracts.
bench/tritonbench_g/kldiv_ops/KldivOps.lean	kldiv_forward_log_target_none_compute_correct	specialization	none		Selected default/log-target backward branches and reduction=none forward branches. Other reduction modes and host gradient scaling are not implied by these branch contracts.
bench/tritonbench_g/kldiv_ops/KldivOps.lean	kldiv_forward_log_target_none_correctness	specialization	none		Selected default/log-target backward branches and reduction=none forward branches. Other reduction modes and host gradient scaling are not implied by these branch contracts.
bench/tritonbench_g/kldiv_ops/KldivOps.lean	kldiv_forward_default_none_correctness	specialization	none		Selected default/log-target backward branches and reduction=none forward branches. Other reduction modes and host gradient scaling are not implied by these branch contracts.
bench/tritonbench_g/kldiv_ops/KldivOps.lean	kldiv_backward_default_correctness	specialization	none		Selected default/log-target backward branches and reduction=none forward branches. Other reduction modes and host gradient scaling are not implied by these branch contracts.
bench/tritonbench_g/kldiv_ops/KldivOps.lean	kldiv_backward_log_target_correctness	specialization	none		Selected default/log-target backward branches and reduction=none forward branches. Other reduction modes and host gradient scaling are not implied by these branch contracts.
bench/tritonbench_g/kldiv_triton/KldivTriton.lean	kldiv_backward_default_compute_correct	specialization	none		Selected default/log-target backward branches and reduction=none forward branches. The IO headline covers only default non-reduced forward; other host reductions are external.
bench/tritonbench_g/kldiv_triton/KldivTriton.lean	kldiv_backward_log_target_compute_correct	specialization	none		Selected default/log-target backward branches and reduction=none forward branches. The IO headline covers only default non-reduced forward; other host reductions are external.
bench/tritonbench_g/kldiv_triton/KldivTriton.lean	kldiv_forward_default_none_compute_correct	specialization	none		Selected default/log-target backward branches and reduction=none forward branches. The IO headline covers only default non-reduced forward; other host reductions are external.
bench/tritonbench_g/kldiv_triton/KldivTriton.lean	kldiv_forward_log_target_none_compute_correct	specialization	none		Selected default/log-target backward branches and reduction=none forward branches. The IO headline covers only default non-reduced forward; other host reductions are external.
bench/tritonbench_g/kldiv_triton/KldivTriton.lean	kldiv_forward_default_none_io_correctness	specialization	none		Selected default/log-target backward branches and reduction=none forward branches. The IO headline covers only default non-reduced forward; other host reductions are external.
bench/tritonbench_g/ksoftmax_triton/KsoftmaxTriton.lean	ksoftmax_forward_plain_correctness	specialization	none		Plain forward softmax branch under positive depth and the declared strides. The Python backward and other flagged forward modes are outside this headline.
bench/tritonbench_g/kv_cache_copy/KvCacheCopy.lean	kv_cache_copy_correctness	specialization	none		Sequence-length-one KV-cache x-block specialization with supplied block-table/context metadata; validity, cache bounds, and region separation are contract premises.
bench/tritonbench_g/kv_cache_filling/KvCacheFilling.lean	fill_kv_cache_output_summary_general	specialization	none		Unquantized K/V tile-copy facts under selected cache metadata and layouts; quantized paths must not be inferred from projection/copy facts.
bench/tritonbench_g/kv_cache_filling/KvCacheFilling.lean	fill_quant_meta_store_io_correctness	precomputed_input_slice	proof-slice-precomputed-value	#152	Stores supplied quantization metadata MetaPre; it does not compute int8/int4 scales, zero points, or quantized cache values.
bench/tritonbench_g/l2_norm_bwd/L2NormBwd.lean	l2_norm_bwd_kernel_correctness	specialization	none		One L2-normalization backward row under the declared mask/stride/epsilon model. Mathematical sqrt and division do not certify concrete hardware exceptional values.
bench/tritonbench_g/l2_norm_triton1/L2NormTriton1.lean	l2_norm_fwd_1pass_kernel_correctness	specialization	none		One-pass L2-normalization forward row with explicit row stride, mask, and epsilon. This is a mathematical kernel contract, not a host/tensor-layout certification.
bench/tritonbench_g/l2_norm_triton2/L2NormTriton2.lean	l2_norm_fwd_1pass_kernel_correctness	specialization	none		Separate one-pass forward and backward L2-normalization rows with their own IO targets and mathematical sqrt/division semantics.
bench/tritonbench_g/l2_norm_triton2/L2NormTriton2.lean	l2_norm_bwd_kernel_correctness	specialization	none		Separate one-pass forward and backward L2-normalization rows with their own IO targets and mathematical sqrt/division semantics.
bench/tritonbench_g/layer_norm_liger/LayerNormLiger.lean	layer_norm_liger_forward_output_summary	specialization	none		Forward value facts for Y/mean/RSTD; the Python backward kernel is outside these headlines.
bench/tritonbench_g/layer_norm_liger/LayerNormLiger.lean	layer_norm_liger_scalar_stores_io_correctness	precomputed_input_slice	proof-slice-precomputed-value	#152	Stores precomputed MeanPre/RSTDPre scalars; these IO kernels do not reduce or normalize the input row.
bench/tritonbench_g/layer_norm_liger/LayerNormLiger.lean	layer_norm_liger_scalar_stores_io_correctnessR	precomputed_input_slice	proof-slice-precomputed-value	#152	Abstract rounding contracts for the precomputed mean/RSTD scalar stores.
bench/tritonbench_g/layer_norm_ops/LayerNormOps.lean	layer_norm_ops_fwd_plain_bias_all_outputs_compute_correct_general	precomputed_input_slice	proof-slice-precomputed-value	#152	Plain forward headline connects stores of supplied YPre/MeanPre/RstdPre; their producers are outside these store kernels.
bench/tritonbench_g/layer_norm_ops/LayerNormOps.lean	layer_norm_ops_fwd_rms_bias_all_outputs_compute_correct_general	precomputed_input_slice	proof-slice-precomputed-value	#152	RMS forward headline connects supplied YPre/RstdPre stores, not the complete normalization producer.
bench/tritonbench_g/layer_norm_ops/LayerNormOps.lean	layer_norm_ops_fwd_residual_bias_all_outputs_compute_correct_general	precomputed_input_slice	proof-slice-precomputed-value	#152	Residual forward headline concerns supplied output/statistic store slices; it does not compose the full residual/normalization producer.
bench/tritonbench_g/layer_norm_ops/LayerNormOps.lean	layer_norm_ops_bwd_rms_core_outputs_compute_correct_general	specialization	none		Backward RMS one-row DX/DW and reduction-stage facts with input Rstd; not a whole multi-row parameter-gradient reduction.
bench/tritonbench_g/layer_norm_ops/LayerNormOps.lean	layer_norm_ops_bwd_plain_bias_core_outputs_compute_correct_general	specialization	none		Backward plain-bias one-row DX/DW/DB and C1/C2 reduction facts; host aggregation of parameter gradients is outside the statement.
bench/tritonbench_g/layer_norm_ops/LayerNormOps.lean	layer_norm_ops_bwd_residual_add_all_outputs_compute_correct_general	precomputed_input_slice	proof-slice-precomputed-value	#152	Adds supplied DXBase and residual-gradient values in a store slice; upstream normalization-gradient production is external.
bench/tritonbench_g/layer_norm_ops/LayerNormOps.lean	layer_norm_ops_scalar_stores_io_correctness	precomputed_input_slice	proof-slice-precomputed-value	#152	Copies supplied MeanPre/RstdPre scalars to the output statistic buffers.
bench/tritonbench_g/layer_norm_ops/LayerNormOps.lean	layer_norm_ops_scalar_stores_io_correctnessR	precomputed_input_slice	proof-slice-precomputed-value	#152	Abstract rounding version of the supplied mean/Rstd scalar-store contracts.
bench/tritonbench_g/layer_norm_welfold/LayerNormWelfold.lean	layer_norm_welfold_output_summary_general	specialization	none		Separate reduction, normalization, and linked-surface facts with explicit intermediate-state premises.
bench/tritonbench_g/layer_norm_welfold/LayerNormWelfold.lean	layer_norm_welfold_normalize_io_correctness	precomputed_input_slice	proof-slice-precomputed-value	#152	Normalizes using supplied mean and inverse variance; this IO kernel does not compute those statistics.
bench/tritonbench_g/layernorm_fwd_triton/LayernormFwdTriton.lean	layernorm_fwd_triton_output_summary	specialization	none		Forward strided full-row normalization for the modeled stream extent with positive block size and input/output separation. No backward or host-layout composition claim.
bench/tritonbench_g/layernorm_fwd_triton/LayernormFwdTriton.lean	layernorm_fwd_triton_io_correctness	specialization	none		Forward strided full-row normalization for the modeled stream extent with positive block size and input/output separation. No backward or host-layout composition claim.
bench/tritonbench_g/lightning_attention/LightningAttention.lean	lightning_attention_output_summary_general	specialization	none		Forward and backward producer/step statements over the modeled block/layout configurations; each conjunct has its own kernel and hypotheses.
bench/tritonbench_g/lightning_attention/LightningAttention.lean	lightning_attention_bwd_grad_store_io_correctness	precomputed_input_slice	proof-slice-precomputed-value	#152	Stores the supplied GradPre tile; this IO kernel does not compute attention gradients.
bench/tritonbench_g/lightning_attention/LightningAttention.lean	lightning_attention_bwd_grad_store_io_correctnessR	precomputed_input_slice	proof-slice-precomputed-value	#152	Abstract rounding contract for the supplied-gradient store slice.
bench/tritonbench_g/llama_ff_triton/LlamaFfTriton.lean	ff_llama_closed_form_correct	specialization	none		Selected fused feed-forward matmul/RMS/activation value target with the displayed reduction/stride configuration and mathematical fp16 cast; no frame is stated by Realizes alone.
bench/tritonbench_g/log_softmax/LogSoftmax.lean	log_softmax_backward_kernel_correctness	specialization	none		Separate per-tile log-softmax and backward contracts with explicit masks, layout injectivity, and mathematical exp/log semantics. Wrapper reductions and concrete floating behavior are external.
bench/tritonbench_g/log_softmax/LogSoftmax.lean	log_softmax_kernel_correctness	specialization	none		Separate per-tile log-softmax and backward contracts with explicit masks, layout injectivity, and mathematical exp/log semantics. Wrapper reductions and concrete floating behavior are external.
bench/tritonbench_g/logsumexp_fwd/LogsumexpFwd.lean	logsumexp_fwd_kernel_correctness	specialization	none		Per-program active-block log-sum-exp, optionally scaled. A whole-tensor reduction across program blocks is not part of this output contract.
bench/tritonbench_g/lora_expand_gemv/LoraExpandGemv.lean	gemv_full_output_summary	specialization	none		Selected LoRA expansion stream and output layout with supplied adapter metadata. The exact K/BLOCK_K and block-size hypotheses constrain the original-kernel configuration.
bench/tritonbench_g/lora_expand_gemv/LoraExpandGemv.lean	gemv_full_io_correctness	specialization	none		Selected LoRA expansion stream and output layout with supplied adapter metadata. The exact K/BLOCK_K and block-size hypotheses constrain the original-kernel configuration.
bench/tritonbench_g/masked_add_cuda/MaskedAddCuda.lean	masked_add_kernel_correctness	specialization	none		Masked in-place parameter update from supplied gradients and mask values. Only active-lane writes are claimed; mask construction and host scheduling are external.
bench/tritonbench_g/masked_select/MaskedSelect.lean	masked_select_kernel_correctness	specialization	none		Selection-copy stage consumes supplied selection mask and prefix-sum metadata. It does not compute or validate a prefix sum beyond the IO layout/bounds premises.
bench/tritonbench_g/matmul_dequant_int4/MatmulDequantInt4.lean	matmul_dequant_int4_exec_genuine	specialization	none		The registered headline is the dequantize output stage, despite the file containing a matmul Python function. Its exec-existential omits a frame and uses modeled integer decode semantics.
bench/tritonbench_g/matmul_dequantize/MatmulDequantize.lean	matmul_dequantize_matmul4_exec_genuine	specialization	none		Separate matmul4, int4 matmul, and dequantize stage readbacks with their explicit grouping/stride assumptions. Exec-existentials omit frame; no wrapper pipeline or machine-overflow theorem.
bench/tritonbench_g/matmul_dequantize/MatmulDequantize.lean	matmul_dequantize_matmul_exec_genuine	specialization	none		Separate matmul4, int4 matmul, and dequantize stage readbacks with their explicit grouping/stride assumptions. Exec-existentials omit frame; no wrapper pipeline or machine-overflow theorem.
bench/tritonbench_g/matmul_dequantize/MatmulDequantize.lean	matmul_dequantize_dequantize_exec_genuine	specialization	none		Separate matmul4, int4 matmul, and dequantize stage readbacks with their explicit grouping/stride assumptions. Exec-existentials omit frame; no wrapper pipeline or machine-overflow theorem.
bench/tritonbench_g/matmul_dequantize_int4/MatmulDequantizeInt4.lean	matmul_dequantize_int4_exec_genuine	specialization	none		Matmul4 stage at the stated group/tile/layout specialization with modeled packed-integer decoding. Its exec-existential does not state a memory frame or hardware overflow behavior.
bench/tritonbench_g/matmul_kernel/MatmulKernel.lean	matmul_kernel_closed_form_correct	specialization	none		Configured contiguous matmul surface; the IO theorem explicitly requires BN<=4096 and names the fixed-layout kernel. This is not arbitrary Python stride/autotuning coverage.
bench/tritonbench_g/matmul_kernel/MatmulKernel.lean	matmul_kernel_io_correctness	specialization	none		Configured contiguous matmul surface; the IO theorem explicitly requires BN<=4096 and names the fixed-layout kernel. This is not arbitrary Python stride/autotuning coverage.
bench/tritonbench_g/matmul_leakyrelu/MatmulLeakyrelu.lean	matmul_leakyrelu_closed_form_correct	specialization	none		Matmul plus leaky-ReLU for K=BK*numKBlocks and the stated output-layout bounds. Host autotuning, alternate layouts, and concrete floating behavior are external.
bench/tritonbench_g/matmul_leakyrelu/MatmulLeakyrelu.lean	matmul_leakyrelu_io_correctness	specialization	none		Matmul plus leaky-ReLU for K=BK*numKBlocks and the stated output-layout bounds. Host autotuning, alternate layouts, and concrete floating behavior are external.
bench/tritonbench_g/matmul_leakyrelu_fp8/MatmulLeakyreluFp8.lean	matmul_leakyrelu_fp8_closed_form_correct	specialization	none		Matmul plus leaky-ReLU on the declared mathematical carrier and output layout; the fp8 filename does not establish concrete fp8 encoding or rounding behavior.
bench/tritonbench_g/matmul_leakyrelu_fp8/MatmulLeakyreluFp8.lean	matmul_leakyrelu_fp8_io_correctness	specialization	none		Matmul plus leaky-ReLU on the declared mathematical carrier and output layout; the fp8 filename does not establish concrete fp8 encoding or rounding behavior.
bench/tritonbench_g/matmul_tma/MatmulTma.lean	matmul_tma_f32_closed_form_correct	specialization	none		One modeled matmul tile with separate exact/fp16-store contracts. Algorithm projection abstracts descriptor/TMA behavior; hardware TMA execution and synchronization are not proved.
bench/tritonbench_g/matmul_tma/MatmulTma.lean	matmul_tma_f16_closed_form_correct	specialization	none		One modeled matmul tile with separate exact/fp16-store contracts. Algorithm projection abstracts descriptor/TMA behavior; hardware TMA execution and synchronization are not proved.
bench/tritonbench_g/matmul_tma/MatmulTma.lean	matmul_tma_f32_io_correctness	specialization	none		One modeled matmul tile with separate exact/fp16-store contracts. Algorithm projection abstracts descriptor/TMA behavior; hardware TMA execution and synchronization are not proved.
bench/tritonbench_g/matmul_tma/MatmulTma.lean	matmul_tma_f16_io_correctnessR	specialization	none		One modeled matmul tile with separate exact/fp16-store contracts. Algorithm projection abstracts descriptor/TMA behavior; hardware TMA execution and synchronization are not proved.
bench/tritonbench_g/matmul_triton1/MatmulTriton1.lean	matmul_triton1_closed_form_correct	specialization	none		Matmul at the explicit contiguous tile configuration (including fixed surface arguments and K=BLOCK_K*numKBlocks). No arbitrary Python layout or launch composition claim.
bench/tritonbench_g/matmul_triton1/MatmulTriton1.lean	matmul_triton1_io_correctness	specialization	none		Matmul at the explicit contiguous tile configuration (including fixed surface arguments and K=BLOCK_K*numKBlocks). No arbitrary Python layout or launch composition claim.
bench/tritonbench_g/matmul_triton2/MatmulTriton2.lean	matmul_triton2_output_summary_general	specialization	none		Grouped matmul under whole reduction blocks, unit output-column stride, and output-row bounds. Host autotuning and alternate layouts are outside these contracts.
bench/tritonbench_g/matmul_triton2/MatmulTriton2.lean	matmul_triton2_io_correctness	specialization	none		Grouped matmul under whole reduction blocks, unit output-column stride, and output-row bounds. Host autotuning and alternate layouts are outside these contracts.
bench/tritonbench_g/matmul_triton_autotune/MatmulTritonAutotune.lean	matmul_autotune_closed_form_correct	specialization	none		Configured matmul/activation branches and output layout. The theorem quantifies over its named parameters but does not verify the Python autotuner or every autotune candidate.
bench/tritonbench_g/matmul_triton_autotune/MatmulTritonAutotune.lean	matmul_autotune_io_correctness	specialization	none		Configured matmul/activation branches and output layout. The theorem quantifies over its named parameters but does not verify the Python autotuner or every autotune candidate.
bench/tritonbench_g/matrix_reduction/MatrixReduction.lean	load_reduce_kernel_output_summary	specialization	none		One declared matrix tile reduced to the displayed output addresses; positive reduction width is explicit in the IO contract. The theorem does not infer a surrounding host reduction.
bench/tritonbench_g/matrix_reduction/MatrixReduction.lean	matrix_reduction_io_correctness	specialization	none		One declared matrix tile reduced to the displayed output addresses; positive reduction width is explicit in the IO contract. The theorem does not infer a surrounding host reduction.
bench/tritonbench_g/matrix_transpose/MatrixTranspose.lean	kernel_correctness	specialization	none		One declared matrix transpose tile with injective output addresses and arbitrary valid IO placement. Hardware layout/launch selection is external.
bench/tritonbench_g/matrix_vector_multip/MatrixVectorMultip.lean	mv_kernel_output_summary_general	specialization	none		One-block matrix-vector product with BLOCK_M reduction extent and explicit masks/address injectivity. This is not a proof for arbitrary multi-block reduction composition.
bench/tritonbench_g/matrix_vector_multip/MatrixVectorMultip.lean	mv_one_block_io_correctness	specialization	none		One-block matrix-vector product with BLOCK_M reduction extent and explicit masks/address injectivity. This is not a proof for arbitrary multi-block reduction composition.
bench/tritonbench_g/max_reduction/MaxReduction.lean	max_kernel_output_summary	specialization	none		The summary covers the modeled value/index dimension reduction; the IO theorem separately covers only first-stage max_kernel_1. These stages are not automatically composed.
bench/tritonbench_g/max_reduction/MaxReduction.lean	max_kernel_1_io_correctness	specialization	none		The summary covers the modeled value/index dimension reduction; the IO theorem separately covers only first-stage max_kernel_1. These stages are not automatically composed.
bench/tritonbench_g/mean_reduction/MeanReduction.lean	mean_dim_kernel_output_summary	specialization	none		Full modeled row mean through positive-width reduction blocks, with separate value and streaming IO contracts. Mathematical division and the declared memory layout define the scope.
bench/tritonbench_g/mean_reduction/MeanReduction.lean	mean_dim_kernel_io_correctness	specialization	none		Full modeled row mean through positive-width reduction blocks, with separate value and streaming IO contracts. Mathematical division and the declared memory layout define the scope.
bench/tritonbench_g/mixed_sparse_attention/MixedSparseAttention.lean	mixed_sparse_attention_output_closed_form_summary_general	specialization	none		Forward sparse-layout value facts under supplied block/column metadata and the stated bounds; read the referenced sparse specification for the selected support.
bench/tritonbench_g/mixed_sparse_attention/MixedSparseAttention.lean	mixed_sparse_attention_epilogue_io_correctness	precomputed_input_slice	proof-slice-precomputed-value	#152	Epilogue divides a supplied AccPre tile by supplied LPre normalizers and stores active outputs; sparse attention production is outside this IO kernel.
bench/tritonbench_g/mul_exponent_compensator/MulExponentCompensator.lean	mul_kernel_correctness	specialization	none		One modeled positive-size tile multiplied by the declared exponent compensator. This does not certify hardware exponent-bit manipulation or a larger scaling pipeline.
bench/tritonbench_g/nested_loops_processing/NestedLoopsProcessing.lean	nested3_output_summary_general	specialization	none		Facts for explicitly selected nested-loop stores and shifted 2x2 copies. The IO headlines cover the first a1 store only, not the whole nested-loop program.
bench/tritonbench_g/nested_loops_processing/NestedLoopsProcessing.lean	nested3_first_a1_store_io_correctness	specialization	none		Facts for explicitly selected nested-loop stores and shifted 2x2 copies. The IO headlines cover the first a1 store only, not the whole nested-loop program.
bench/tritonbench_g/nested_loops_processing/NestedLoopsProcessing.lean	nested3_first_a1_store_io_correctnessR	specialization	none		Facts for explicitly selected nested-loop stores and shifted 2x2 copies. The IO headlines cover the first a1 store only, not the whole nested-loop program.
bench/tritonbench_g/parallel_attention/ParallelAttention.lean	pa_fwd_o_exec_genuine	specialization	none		Forward O/Z and backward DK/DV stages at the displayed shape/layout configurations. The DQ stage and whole host pipeline are external; exec-existentials omit a frame.
bench/tritonbench_g/parallel_attention/ParallelAttention.lean	pa_bwd_dkv_exec_genuine	specialization	none		Forward O/Z and backward DK/DV stages at the displayed shape/layout configurations. The DQ stage and whole host pipeline are external; exec-existentials omit a frame.
bench/tritonbench_g/parallel_retention_attention/ParallelRetentionAttention.lean	pra_fwd_o_exec_genuine	specialization	none		Forward O and backward DK/DV stages for explicit causal/retention and layout parameters. No DQ-stage composition or frame conjunct is established by these headlines.
bench/tritonbench_g/parallel_retention_attention/ParallelRetentionAttention.lean	pra_bwd_dkv_exec_genuine	specialization	none		Forward O and backward DK/DV stages for explicit causal/retention and layout parameters. No DQ-stage composition or frame conjunct is established by these headlines.
bench/tritonbench_g/pow_scalar_tensor/PowScalarTensor.lean	pow_scalar_tensor_output_summary_general	specialization	none		Rank-one scalar-base tensor-exponent model with one-tile and grid-stride value facts. The IO headline covers one tile; Real.rpow is mathematical, not a hardware approximation.
bench/tritonbench_g/pow_scalar_tensor/PowScalarTensor.lean	pow_scalar_tensor_one_tile_io_correctness	specialization	none		Rank-one scalar-base tensor-exponent model with one-tile and grid-stride value facts. The IO headline covers one tile; Real.rpow is mathematical, not a hardware approximation.
bench/tritonbench_g/quant_transpose_kernel/QuantTransposeKernel.lean	quantize_global_transpose_blocked_output_summary_general	blocked_summary	fixed-width-int8-cast-semantics	#154	The faithful quantized transpose has a declared fixed-width rounding/projection blocker; the companion value result describes a scaled real store slice.
bench/tritonbench_g/quant_transpose_kernel/QuantTransposeKernel.lean	quant_transpose_scaled_store_io_correctness	pre_rounding_slice	quantization-semantic-followup	#158	Transposed scaled real-valued store using supplied AbsmaxInv; llrint/int8 rounding and any scale producer are outside the contract.
bench/tritonbench_g/quantize_copy_kv/QuantizeCopyKv.lean	destindex_copy_quantize_kv_output_summary_general	specialization	none		Modeled KV quantization and scale outputs with destination metadata and an abstract rounding contract. Integer/floating conversion definitions must not be read as concrete int8 overflow or encoding guarantees.
bench/tritonbench_g/quantize_copy_kv/QuantizeCopyKv.lean	quantize_copy_kv_io_correctness	specialization	none		Modeled KV quantization and scale outputs with destination metadata and an abstract rounding contract. Integer/floating conversion definitions must not be read as concrete int8 overflow or encoding guarantees.
bench/tritonbench_g/quantize_global/QuantizeGlobal.lean	quantize_global_correctness	pre_rounding_slice	quantization-semantic-followup	#158	Scaled real store using a supplied inverse maximum. The headline explicitly rejects faithful llrint/int8 projection; the rounded quantized result is not proved.
bench/tritonbench_g/quantize_kv_copy/QuantizeKvCopy.lean	destindex_copy_quantize_kv_group_output_summary_general	specialization	none		Groupwise KV quantization and scale outputs in the mathematical conversion model. Source has repeated Python kernel names; source links identify definitions by line. No concrete int8 hardware guarantee.
bench/tritonbench_g/quantize_kv_copy/QuantizeKvCopy.lean	quantize_kv_copy_io_correctness	specialization	none		Groupwise KV quantization and scale outputs in the mathematical conversion model. Source has repeated Python kernel names; source links identify definitions by line. No concrete int8 hardware guarantee.
bench/tritonbench_g/quantize_kv_transform/QuantizeKvTransform.lean	destindex_copy_quantize_kv_transform_output_summary_general	specialization	none		KV quantization/transform and scale outputs for the explicit head-dimension and destination layout. Mathematical casts do not certify fixed-width hardware quantization.
bench/tritonbench_g/quantize_kv_transform/QuantizeKvTransform.lean	quantize_kv_transform_io_correctness	specialization	none		KV quantization/transform and scale outputs for the explicit head-dimension and destination layout. Mathematical casts do not certify fixed-width hardware quantization.
bench/tritonbench_g/rbe_triton_transform/RbeTritonTransform.lean	rbe_triton_transform_output_summary_general	specialization	none		Selected rotary pair outputs using mathematical sin/cos and the declared token-frequency model. Host frequency construction and concrete transcendental behavior are external.
bench/tritonbench_g/relu_strided_buffer/ReluStridedBuffer.lean	relu_strided_buffer_output_summary_general	specialization	none		Rank-one one-tile and grid-stride ReLU contracts. Positive output stride and, for streaming IO, input/output separation constrain applicability.
bench/tritonbench_g/relu_strided_buffer/ReluStridedBuffer.lean	relu_strided_buffer_one_tile_io_correctness	specialization	none		Rank-one one-tile and grid-stride ReLU contracts. Positive output stride and, for streaming IO, input/output separation constrain applicability.
bench/tritonbench_g/relu_strided_buffer/ReluStridedBuffer.lean	relu_strided_buffer_grid_stride_io_correctnessR	specialization	none		Rank-one one-tile and grid-stride ReLU contracts. Positive output stride and, for streaming IO, input/output separation constrain applicability.
bench/tritonbench_g/relu_strided_buffer/ReluStridedBuffer.lean	relu_wrapper_one_tile_correctness	full_value_candidate	none		Whole-wrapper contract of relu_forward_wrapper_rank_1, one-tile branch, for rank-1 positive-stride tensors accepted by StridedUnary.check (non-empty, one-tile branch, strided elements inside each allocation, f32, aligned, disjoint spans, i32 offsets, i64 addresses): every strided output element relu of the matching strided input element, gap cells and input unchanged, strided extents, serial orders, over the wrapper's (num_ctas,1,1) grid; per-program proofs reused unchanged. Grid-stride branch, negative strides, dtype reinterpretation and empty input are rejected. Exact-R model; .to() casts erased. Same-agent review.
bench/tritonbench_g/relu_triton_kernel/ReluTritonKernel.lean	relu_kernel_correctness	specialization	none		Masked per-program ReLU with positive block size and the declared input/output windows. No host launch or concrete floating exceptional-value claim.
bench/tritonbench_g/reversed_cumsum/ReversedCumsum.lean	reversed_cumsum_output_summary_general	specialization	none		Reverse-direction cumulative-sum value facts for full/single-block surfaces under the named premises.
bench/tritonbench_g/reversed_cumsum/ReversedCumsum.lean	reversed_cumsum_block_store_io_correctness	precomputed_input_slice	proof-slice-precomputed-value	#152	Copies precomputed reverse-cumsum tile BC to Z; this IO slice does not compute the reverse sum.
bench/tritonbench_g/reversed_cumsum/ReversedCumsum.lean	reversed_cumsum_block_store_io_correctnessR	precomputed_input_slice	proof-slice-precomputed-value	#152	Abstract rounding contract for the supplied reverse-cumsum block-store slice.
bench/tritonbench_g/reversed_cumsum_scalar/ReversedCumsumScalar.lean	reversed_cumsum_scalar_output_summary_general	specialization	none		Scalar reverse-sum full/step facts with an explicit carry relation; summary conjuncts concern distinct surfaces.
bench/tritonbench_g/reversed_cumsum_scalar/ReversedCumsumScalar.lean	reversed_cumsum_scalar_vec_store_io_correctness	precomputed_input_slice	proof-slice-precomputed-value	#152	Copies supplied BO values into O; carry construction and reverse summation are outside the IO slice.
bench/tritonbench_g/reversed_cumsum_scalar/ReversedCumsumScalar.lean	reversed_cumsum_scalar_vec_store_io_correctnessR	precomputed_input_slice	proof-slice-precomputed-value	#152	Abstract rounding contract for the supplied BO-to-O store slice.
bench/tritonbench_g/rms_matmul_rbe/RmsMatmulRbe.lean	rms_matmul_rbe_closed_form_correct	specialization	none		Selected RMS/matmul and Q/K/V output surfaces at explicit reduction and stride configurations. Inspect flags and typed casts; the headline does not establish arbitrary rotary/host composition.
bench/tritonbench_g/rms_matmul_rbe/RmsMatmulRbe.lean	rms_matmul_rbe_qkv_closed_form_correct	specialization	none		Selected RMS/matmul and Q/K/V output surfaces at explicit reduction and stride configurations. Inspect flags and typed casts; the headline does not establish arbitrary rotary/host composition.
bench/tritonbench_g/rms_norm_triton/RmsNormTriton.lean	rms_norm_kernel_correctness	specialization	none		Per-row RMS normalization under the declared mask, epsilon, and positive output stride. Mathematical sqrt/division and IO bounds define the contract.
bench/tritonbench_g/rms_rbe_matmul/RmsRbeMatmul.lean	rms_matmul_rbe_closed_form_correct	specialization	none		Selected RMS/matmul output value contract. The separate Python rbe_triton kernel and its host composition are not proved by this headline.
bench/tritonbench_g/rmsnorm_fused/RmsnormFused.lean	rms_norm_fwd_fused_output_summary	specialization	none		Single-row fused RMS contract; IO requires 0<N<=BLOCK_SIZE. This is a selected one-block configuration, not an unrestricted-width host implementation.
bench/tritonbench_g/rmsnorm_fused/RmsnormFused.lean	rms_norm_fwd_fused_io_correctness	specialization	none		Single-row fused RMS contract; IO requires 0<N<=BLOCK_SIZE. This is a selected one-block configuration, not an unrestricted-width host implementation.
bench/tritonbench_g/rmsnorm_fused_llama/RmsnormFusedLlama.lean	rms_norm_fwd_fused_llama_output_summary	specialization	none		Single-row fused LLaMA RMS contract with 0<N<=BLOCK_SIZE in the IO theorem and explicit typed/abstract output rounding; no concrete fp16 guarantee.
bench/tritonbench_g/rmsnorm_fused_llama/RmsnormFusedLlama.lean	rms_norm_fwd_fused_llama_io_correctness	specialization	none		Single-row fused LLaMA RMS contract with 0<N<=BLOCK_SIZE in the IO theorem and explicit typed/abstract output rounding; no concrete fp16 guarantee.
bench/tritonbench_g/rmsnorm_implementation/RmsnormImplementation.lean	rmsnorm_implementation_output_summary	specialization	none		Full modeled row stream under positive block size, stride, and non-aliasing hypotheses. Host tensor/layout construction and hardware rounding are external.
bench/tritonbench_g/rmsnorm_implementation/RmsnormImplementation.lean	rmsnorm_implementation_io_correctness	specialization	none		Full modeled row stream under positive block size, stride, and non-aliasing hypotheses. Host tensor/layout construction and hardware rounding are external.
bench/tritonbench_g/rmsnorm_triton/RmsnormTriton.lean	rmsnorm_full_output_summary	specialization	none		Full modeled RMS row stream with positive B, positive output stride, and output/input separation. The statement exposes the mathematical spec and abstract store rounding.
bench/tritonbench_g/rmsnorm_triton/RmsnormTriton.lean	rmsnorm_full_io_correctness	specialization	none		Full modeled RMS row stream with positive B, positive output stride, and output/input separation. The statement exposes the mathematical spec and abstract store rounding.
bench/tritonbench_g/rope_backward_transform/RopeBackwardTransform.lean	rope_backward_python_backward_output_summary_general	specialization	none		Backward full-surface Q/K value facts plus separate head-store IO slices under region/half-window assumptions. The slice frames do not automatically compose into a full-surface IO frame.
bench/tritonbench_g/rope_embedding/RopeEmbedding.lean	rope_embedding_forward_backward_summary_general	specialization	none		Four forward/backward half-store contracts plus projection facts for the full surface. Independent half-store proofs do not establish combined in-place execution without composition/disjointness evidence.
bench/tritonbench_g/rope_embedding/RopeEmbedding.lean	rope_embedding_io_correctness	specialization	none		Four forward/backward half-store contracts plus projection facts for the full surface. Independent half-store proofs do not establish combined in-place execution without composition/disjointness evidence.
bench/tritonbench_g/rope_transform/RopeTransform.lean	rope_transform_output_summary_general	specialization	none		Forward full-surface Q/K value facts plus separate head-store IO contracts. The top bundle distinguishes the full value result from individual slice frames and assumes distinct Q/K buffers.
bench/tritonbench_g/rotary_emb/RotaryEmb.lean	rotary_emb_kernel_correctness	specialization	none		Four independent q0/q1/k0/k1 block-store IO contracts and full-surface projection. The source explicitly does not claim the simultaneous four-store value/frame composition.
bench/tritonbench_g/rotary_emb_nopad/RotaryEmbNopad.lean	rotary_emb_nopad_output_summary_general	specialization	none		Selected rotary Q and cache sub-surface contracts with explicit head-half/metadata/layout hypotheses. They do not establish arbitrary aliasing or host composition of all fused stages.
bench/tritonbench_g/rotary_transform/RotaryTransform.lean	rotary_transform_python_output_summary_general	specialization	none		Selected row/body rotary value facts and a metadata-aware row IO contract. Interleaving, varlen, offsets, and paired-half layout conditions must be read from the chosen statement.
bench/tritonbench_g/rotary_transform/RotaryTransform.lean	rotary_transform_meta_implements	specialization	none		Selected row/body rotary value facts and a metadata-aware row IO contract. Interleaving, varlen, offsets, and paired-half layout conditions must be read from the chosen statement.
bench/tritonbench_g/rotary_transform_ops/RotaryTransformOps.lean	rotary_transform_ops_output_summary_general	specialization	none		Selected rotary body/row facts and metadata-aware IO contract. Flags, paired-half addresses, and variable-length metadata restrict the configured Python path.
bench/tritonbench_g/rotary_transform_ops/RotaryTransformOps.lean	rotary_transform_ops_meta_implements	specialization	none		Selected rotary body/row facts and metadata-aware IO contract. Flags, paired-half addresses, and variable-length metadata restrict the configured Python path.
bench/tritonbench_g/rowwise_quantization_triton/RowwiseQuantizationTriton.lean	quantize_rowwise_correctness	pre_rounding_slice	quantization-semantic-followup	#158	Computes row maximum and real-valued scaled outputs, but omits the faithful CUDA llrint/final-int8 result. The max producer is included; final rounding is not.
bench/tritonbench_g/sgmv_expand_slice/SgmvExpandSlice.lean	sgmv_expand_slice_one_row_block_output_summary	specialization	none		One sequence-row block of LoRA slice expansion with K=BLOCK_K*numKBlocks, supplied sequence/adapter metadata, and explicit output-layout premises.
bench/tritonbench_g/sgmv_expand_slice/SgmvExpandSlice.lean	sgmv_expand_slice_io_correctness	specialization	none		One sequence-row block of LoRA slice expansion with K=BLOCK_K*numKBlocks, supplied sequence/adapter metadata, and explicit output-layout premises.
bench/tritonbench_g/sin_computation/SinComputation.lean	sin_kernel_correctness	specialization	none		Masked per-program mathematical sine. Host launch and the hardware sine approximation are outside the contract.
bench/tritonbench_g/sin_kernel/SinKernel.lean	kernel_function_correctness	specialization	none		Masked per-program mathematical sine. The theorem does not establish a hardware transcendental error bound or host launch correctness.
bench/tritonbench_g/softmax_flaggems/SoftmaxFlaggems.lean	softmax_kernel_inner_one_tile_compute_correct	specialization	none		One-tile inner/non-inner forward and backward branch specializations. The IO theorem is only the inner forward one-tile kernel; multi-tile online modes are not implied.
bench/tritonbench_g/softmax_flaggems/SoftmaxFlaggems.lean	softmax_kernel_non_inner_one_tile_compute_correct	specialization	none		One-tile inner/non-inner forward and backward branch specializations. The IO theorem is only the inner forward one-tile kernel; multi-tile online modes are not implied.
bench/tritonbench_g/softmax_flaggems/SoftmaxFlaggems.lean	softmax_backward_kernel_inner_one_tile_compute_correct	specialization	none		One-tile inner/non-inner forward and backward branch specializations. The IO theorem is only the inner forward one-tile kernel; multi-tile online modes are not implied.
bench/tritonbench_g/softmax_flaggems/SoftmaxFlaggems.lean	softmax_backward_kernel_non_inner_one_tile_compute_correct	specialization	none		One-tile inner/non-inner forward and backward branch specializations. The IO theorem is only the inner forward one-tile kernel; multi-tile online modes are not implied.
bench/tritonbench_g/softmax_flaggems/SoftmaxFlaggems.lean	softmax_kernel_inner_one_tile_correctness	specialization	none		One-tile inner/non-inner forward and backward branch specializations. The IO theorem is only the inner forward one-tile kernel; multi-tile online modes are not implied.
bench/tritonbench_g/softmax_optimize/SoftmaxOptimize.lean	softmax_kernel_online_v2_one_tile_output_summary	specialization	none		Separate one-tile and full online-v2 value targets. The IO theorem covers only the one-tile surface; inspect block/row assumptions before using the full value theorem.
bench/tritonbench_g/softmax_optimize/SoftmaxOptimize.lean	softmax_kernel_online_v2_output_summary	specialization	none		Separate one-tile and full online-v2 value targets. The IO theorem covers only the one-tile surface; inspect block/row assumptions before using the full value theorem.
bench/tritonbench_g/softmax_optimize/SoftmaxOptimize.lean	softmax_kernel_online_v2_one_tile_io_correctness	specialization	none		Separate one-tile and full online-v2 value targets. The IO theorem covers only the one-tile surface; inspect block/row assumptions before using the full value theorem.
bench/tritonbench_g/softmax_reducev/SoftmaxReducev.lean	softmax_reducev_genuine_output_compute_correct_general	specialization	none		Modeled softmax-weighted V reduction with supplied token/index metadata and positive block/stream premises. The host metadata pipeline and concrete floating behavior remain external.
bench/tritonbench_g/softmax_reducev/SoftmaxReducev.lean	softmax_reducev_io_correctness	specialization	none		Modeled softmax-weighted V reduction with supplied token/index metadata and positive block/stream premises. The host metadata pipeline and concrete floating behavior remain external.
bench/tritonbench_g/softmax_triton1/SoftmaxTriton1.lean	softmax_kernel_correctness	specialization	none		One masked row softmax with positive BLOCK_SIZE and declared input/output strides; no host multi-kernel composition or concrete exp/rounding guarantee.
bench/tritonbench_g/softmax_triton2/SoftmaxTriton2.lean	softmax_kernel_correctness	specialization	none		One masked row softmax with positive BLOCK_SIZE and explicit row strides, under mathematical exp/division semantics.
bench/tritonbench_g/softmax_triton3/SoftmaxTriton3.lean	softmax_kernel_correctness	specialization	none		Separate USE_MASK=false and USE_MASK=true row contracts with positive block size. Only the corresponding input/mask windows and modeled arithmetic are claimed.
bench/tritonbench_g/softmax_triton3/SoftmaxTriton3.lean	softmax_kernel_masked_correctness	specialization	none		Separate USE_MASK=false and USE_MASK=true row contracts with positive block size. Only the corresponding input/mask windows and modeled arithmetic are claimed.
bench/tritonbench_g/square_matrix/SquareMatrix.lean	square_kernel_correctness	specialization	none		Per-program masked elementwise square with explicit row strides; output window bounds and separation come from the IO contract.
bench/tritonbench_g/swiglu_backward/SwigluBackward.lean	swiglu_bwd_kernel_correctness	specialization	none		Backward DX/DY and optionally recomputed OUT under the declared RECOMPUTE_OUTPUT flag and region/window premises. Mathematical sigmoid is not a hardware approximation certificate.
bench/tritonbench_g/swiglu_fwd/SwigluFwd.lean	swiglu_fwd_kernel_correctness	specialization	none		Per-row SwiGLU forward on the declared input/output strides and masks, using mathematical sigmoid and multiplication.
bench/tritonbench_g/swiglu_triton/SwigluTriton.lean	swiglu_forward_kernel_correctness	specialization	none		Separate forward and in-place backward SwiGLU contracts. The backward theorem requires distinct A/B buffers; no host autograd or hardware transcendental guarantee.
bench/tritonbench_g/swiglu_triton/SwigluTriton.lean	swiglu_backward_kernel_correctness	specialization	none		Separate forward and in-place backward SwiGLU contracts. The backward theorem requires distinct A/B buffers; no host autograd or hardware transcendental guarantee.
bench/tritonbench_g/token_attn_llama2/TokenAttnLlama2.lean	token_attn_llama2_output_summary_general	specialization	none		Token Q/K score stage with supplied token-location and sequence metadata. It does not compute the later softmax or V-reduction stages.
bench/tritonbench_g/token_attn_llama2/TokenAttnLlama2.lean	token_attn_llama2_io_correctness	specialization	none		Token Q/K score stage with supplied token-location and sequence metadata. It does not compute the later softmax or V-reduction stages.
bench/tritonbench_g/token_attn_mistral/TokenAttnMistral.lean	token_attn_mistral_output_summary_general	specialization	none		Sliding-window weighted V reduction consumes supplied probabilities and token metadata. The score/softmax producers are outside this original stage contract.
bench/tritonbench_g/token_attn_mistral/TokenAttnMistral.lean	token_attn_mistral_io_correctness	specialization	none		Sliding-window weighted V reduction consumes supplied probabilities and token metadata. The score/softmax producers are outside this original stage contract.
bench/tritonbench_g/token_attn_reduceV/TokenAttnReduceV.lean	token_attn_reducev_output_summary_general	specialization	none		Weighted V reduction consumes supplied Prob and index metadata. The separate score and softmax stages and host composition are not included.
bench/tritonbench_g/token_attn_reduceV/TokenAttnReduceV.lean	token_attn_reducev_io_correctness	specialization	none		Weighted V reduction consumes supplied Prob and index metadata. The separate score and softmax stages and host composition are not included.
bench/tritonbench_g/token_softmax_bloom/TokenSoftmaxBloom.lean	token_softmax_bloom_correctness	specialization	none		Per-sequence token softmax consumes supplied logits and start/length metadata. IO bounds and injective probability addresses are prerequisites.
bench/tritonbench_g/token_softmax_llama/TokenSoftmaxLlama.lean	token_softmax_llama_correctness	specialization	none		Per-sequence token softmax with supplied logits/start/length metadata and explicit output-address injectivity; surrounding attention stages are external.
bench/tritonbench_g/triton_argmax/TritonArgmax.lean	argmax_kernel_1_value_compute_correct	specialization	none		Separate first-stage value/index, second-stage, and single-block dimension-reduction facts. First-stage IO fixes its flag; the host two-stage composition is not established by the bundle.
bench/tritonbench_g/triton_argmax/TritonArgmax.lean	argmax_kernel_1_index_compute_correct	specialization	none		Separate first-stage value/index, second-stage, and single-block dimension-reduction facts. First-stage IO fixes its flag; the host two-stage composition is not established by the bundle.
bench/tritonbench_g/triton_argmax/TritonArgmax.lean	argmax_kernel_2_compute_correct	specialization	none		Separate first-stage value/index, second-stage, and single-block dimension-reduction facts. First-stage IO fixes its flag; the host two-stage composition is not established by the bundle.
bench/tritonbench_g/triton_argmax/TritonArgmax.lean	argmax_kernel_dim_single_block_compute_correct	specialization	none		Separate first-stage value/index, second-stage, and single-block dimension-reduction facts. First-stage IO fixes its flag; the host two-stage composition is not established by the bundle.
bench/tritonbench_g/triton_argmax/TritonArgmax.lean	argmax_kernel_1_io_correctness	specialization	none		Separate first-stage value/index, second-stage, and single-block dimension-reduction facts. First-stage IO fixes its flag; the host two-stage composition is not established by the bundle.
bench/tritonbench_g/triton_attention/TritonAttention.lean	triton_attention_bwd_preprocess_genuine_output_summary_general	specialization	none		Separate backward-preprocess, forward, and backward-gradient value targets with explicit block/stride specializations. Forward IO adds frame only for its chosen surface; no whole training pipeline claim.
bench/tritonbench_g/triton_attention/TritonAttention.lean	triton_attention_forward_output_summary_general	specialization	none		Separate backward-preprocess, forward, and backward-gradient value targets with explicit block/stride specializations. Forward IO adds frame only for its chosen surface; no whole training pipeline claim.
bench/tritonbench_g/triton_attention/TritonAttention.lean	triton_attention_bwd_grads_genuine_output_summary_general	specialization	none		Separate backward-preprocess, forward, and backward-gradient value targets with explicit block/stride specializations. Forward IO adds frame only for its chosen surface; no whole training pipeline claim.
bench/tritonbench_g/triton_attention/TritonAttention.lean	triton_attention_forward_io_correctness	specialization	none		Separate backward-preprocess, forward, and backward-gradient value targets with explicit block/stride specializations. Forward IO adds frame only for its chosen surface; no whole training pipeline claim.
bench/tritonbench_g/triton_conv2d_fwd/TritonConv2dFwd.lean	conv2d_output_summary	specialization	none		Configured forward convolution with the IO binding fixing the shown branch flag and in-channel/block relation. Groups, padding, strides, and tf32 have only the stated mathematical semantics.
bench/tritonbench_g/triton_conv2d_fwd/TritonConv2dFwd.lean	triton_conv2d_fwd_io_correctness	specialization	none		Configured forward convolution with the IO binding fixing the shown branch flag and in-channel/block relation. Groups, padding, strides, and tf32 have only the stated mathematical semantics.
bench/tritonbench_g/triton_linear_activation/TritonLinearActivation.lean	triton_linear_activation_output_summary_general	specialization	none		Configured linear/bias/activation and optional activation-input-save paths. The named activation functions and reduction/layout conditions determine the claim; no host autotuning or approximation-error certificate.
bench/tritonbench_g/triton_linear_activation/TritonLinearActivation.lean	triton_linear_activation_io_correctness	specialization	none		Configured linear/bias/activation and optional activation-input-save paths. The named activation functions and reduction/layout conditions determine the claim; no host autotuning or approximation-error certificate.
bench/tritonbench_g/triton_matmul/TritonMatmul.lean	triton_matmul_f16_closed_form_correct	specialization	none		Separate fp16/f8e4 output models with whole reduction blocks and contiguous output-column layout. Abstract dtype rounding is not concrete hardware fp8/IEEE behavior.
bench/tritonbench_g/triton_matmul/TritonMatmul.lean	triton_matmul_f8_closed_form_correct	specialization	none		Separate fp16/f8e4 output models with whole reduction blocks and contiguous output-column layout. Abstract dtype rounding is not concrete hardware fp8/IEEE behavior.
bench/tritonbench_g/triton_matmul/TritonMatmul.lean	triton_matmul_f16_io_correctness	specialization	none		Separate fp16/f8e4 output models with whole reduction blocks and contiguous output-column layout. Abstract dtype rounding is not concrete hardware fp8/IEEE behavior.
bench/tritonbench_g/triton_matmul/TritonMatmul.lean	triton_matmul_f8_io_correctness	specialization	none		Separate fp16/f8e4 output models with whole reduction blocks and contiguous output-column layout. Abstract dtype rounding is not concrete hardware fp8/IEEE behavior.
bench/tritonbench_g/triton_mul2/TritonMul2.lean	mul2_kernel_correctness	specialization	none		Separate masked out-of-place and in-place doubling contracts. The in-place theorem relates the final values to the initially loaded window.
bench/tritonbench_g/triton_mul2/TritonMul2.lean	mul2_inplace_kernel_correctness	specialization	none		Separate masked out-of-place and in-place doubling contracts. The in-place theorem relates the final values to the initially loaded window.
bench/tritonbench_g/triton_softmax/TritonSoftmax.lean	softmax_kernel_correctness	specialization	none		One masked row softmax with positive block size and explicit row strides, under mathematical exp/division semantics.
bench/tritonbench_g/var_len_copy/VarLenCopy.lean	var_len_copy_kernel_triton_small_length_output_summary	specialization	none		The full-surface summary is restricted to small lengths; the IO theorem copies one explicitly indexed chunk. A general multi-chunk host copy is not inferred.
bench/tritonbench_g/var_len_copy/VarLenCopy.lean	var_len_copy_one_chunk_io_correctness	specialization	none		The full-surface summary is restricted to small lengths; the IO theorem copies one explicitly indexed chunk. A general multi-chunk host copy is not inferred.
bench/tritonbench_g/vector_addition/VectorAddition.lean	add_kernel_correctness	full_value_candidate	none		Masked per-program vector addition for arbitrary element count/block size with the declared IO windows; no host launch or concrete floating claim.
bench/tritonbench_g/vector_addition_custom/VectorAdditionCustom.lean	add_kernel_correctness	full_value_candidate	none		Masked per-program custom vector addition for arbitrary size/block parameters with the declared IO windows; no host launch or concrete floating claim.
bench/tritonbench_g/vector_addition_custom/VectorAdditionCustom.lean	add_kernel_launch_correctness	full_value_candidate	none		Whole-grid launch over the host grid c.grid for any configuration accepted by the proved checker Blocked1DLaunch.check (same obligations as add_example). Covers out[0,size) only: for inputs of rank > 1 the wrapper's size = c.size(0) leaves the rest of the returned tensor unwritten (adapter obligation W1). Exact-R model. Same-agent review.
bench/tritonbench_g/vector_addition_custom/VectorAdditionCustom.lean	custom_add_correctness	full_value_candidate	none		Whole-wrapper contract of custom_add restricted to its supported rank-1 API (Elementwise2.checkRank1): the dim-0 launch equals the numel launch and every element of the returned tensor is written; beyond rank 1 the launch leaves outputs unwritten (Elementwise2.launchDim0_not_covered) and is rejected. Exact-R model. Same-agent review.
